periodo;lista;codigo_articulo;material;proveedor;precio_sin_iva;unidad;flete;nota_flete;nota
2026-09;CEMENTO Y ADITIVOS;1008;CEMENTO BLANCO ARGOS 40 KILOS;CEMENTOS ARGOS;58500;SACO;;;
2026-09;CEMENTO Y ADITIVOS;1008;CEMENTO BLANCO ARGOS 40 KILOS;DISTRIBUIDORA LA 16;60672;SACO;80000;FLETE;
2026-09;CEMENTO Y ADITIVOS;1001;CEMENTO CISTERNA;CEMEX;667625;;15000;FLETE CISTERNA;Unidad no indicada en la lista original
2026-09;CEMENTO Y ADITIVOS;1001;CEMENTO CISTERNA;CEMENTOS SAN MARCOS;571200;;;;Unidad no indicada en la lista original
2026-09;CEMENTO Y ADITIVOS;1001;CEMENTO CISTERNA;ALLION (CRÉDITO);627994;;;;Unidad no indicada en la lista original
2026-09;CEMENTO Y ADITIVOS;MP-001;CEMENTO SACOS 42,5 KILOS;CEMEX;667625;SACO;15000;FLETE  SACOS;
2026-09;CEMENTO Y ADITIVOS;MP-001;CEMENTO SACOS 42,5 KILOS;CEMENTOS SAN MARCOS;25056;SACO;;;
2026-09;CEMENTO Y ADITIVOS;MP-001;CEMENTO SACOS 42,5 KILOS;ALLION (CRÉDITO);25905;SACO;;;
2026-09;CEMENTO Y ADITIVOS;MP-001;CEMENTO SACOS 42,5 KILOS;FERRO COLVA;64706;SACO;80000;FLETE  SACOS;
2026-09;CEMENTO Y ADITIVOS;2786;TENSO ACTIVO OMEGA X LTS;OMEGA;2012;LT;;;
2026-09;CEMENTO Y ADITIVOS;MP-002;FLUID LITRO;CEMEX;4861;LT;;;
2026-09;CEMENTO Y ADITIVOS;1046;CURAX LITRO;CEMEX;9800;LT;;;
2026-09;CEMENTO Y ADITIVOS;MP-003;ISOFIBER 2200(MICROFIBRA) KILO;CEMEX;28500;KG;;;
2026-09;CEMENTO Y ADITIVOS;MP-004;ISOFIBER 2000 ( MACROFIBRA) KILO;CEMEX;32000;KG;;;
2026-09;CEMENTO Y ADITIVOS;MP-005;FORTACRETE KG;SUMICOL;1210;KG;;;
2026-09;CEMENTO Y ADITIVOS;MP-006;ISOXEL 7000 LITRO;CEMEX;5000;LT;;;
2026-09;CEMENTO Y ADITIVOS;MP-007;PLASTOL 4000 LITRO;TOXEMENT;11355;LT;;;
2026-09;CEMENTO Y ADITIVOS;2942;ACCELGUARD X 25 KG;TOXEMENT;198655;UND;;;
2026-09;CEMENTO Y ADITIVOS;MP-008;TUF STRAND 2.27KG ( MACROFIBRA);TOXEMENT;78150;UND;;;
2026-09;CEMENTO Y ADITIVOS;MP-009;FIBERSTRAND X 600 GR (MICROFIBRA);TOXEMENT;14088;UND;;;
2026-09;VARILLA Y LÁMINAS;1006;"VARILLA DE 1/2"" X 12 MTS";GYJ FERRETERÍA;40800;UND;;;
2026-09;VARILLA Y LÁMINAS;1006;"VARILLA DE 1/2"" X 12 MTS";STECKERL;43508;UND;;;
2026-09;VARILLA Y LÁMINAS;1007;"VARILLA 5/8"" X 12 MTS";GYJ FERRETERÍA;63648;UND;;;
2026-09;VARILLA Y LÁMINAS;1007;"VARILLA 5/8"" X 12 MTS";STECKERL;67962;UND;;;
2026-09;VARILLA Y LÁMINAS;1010;"CHIPA DE 3/8""";GYJ FERRETERÍA;3500;KG;;;
2026-09;VARILLA Y LÁMINAS;1010;"CHIPA DE 3/8""";AGOFER;3797;KG;;;
2026-09;VARILLA Y LÁMINAS;1010;"CHIPA DE 3/8""";STECKERL;3700;KG;;;
2026-09;VARILLA Y LÁMINAS;1009;"CHIPA DE 1/4""";GYJ FERRETERÍA;3850;KG;;;
2026-09;VARILLA Y LÁMINAS;1009;"CHIPA DE 1/4""";AGOFER;4014;KG;;;
2026-09;VARILLA Y LÁMINAS;1009;"CHIPA DE 1/4""";STECKERL;4000;KG;;;
2026-09;VARILLA Y LÁMINAS;1002;ALAMBRON CALIBRE 14;AGOFER;4623;KG;;;
2026-09;VARILLA Y LÁMINAS;1002;ALAMBRON CALIBRE 14;MULTIALAMBRES;4459;KG;;;
2026-09;VARILLA Y LÁMINAS;1003;ALAMBRE DULCE;GYJ FERRETERÍA;4800;KG;;;
2026-09;VARILLA Y LÁMINAS;1003;ALAMBRE DULCE;MULTIALAMBRES;4933;KG;;;
2026-09;VARILLA Y LÁMINAS;1020;LAMINA 1/8 ESPESOR X 7CMX35 CM PARA BANCA BN01;ACEROS MAPA;5600;UND;;;
2026-09;VARILLA Y LÁMINAS;1020;LAMINA 1/8 ESPESOR X 7CMX35 CM PARA BANCA BN01;LÁMINAS Y CORTES;12500;UND;;;
2026-09;VARILLA Y LÁMINAS;1020;LAMINA 1/8 ESPESOR X 7CMX35 CM PARA BANCA BN01;COLDEACEROS;3990;UND;;;
2026-09;VARILLA Y LÁMINAS;MP-010;LAMINA 10CM ANCHO X 2,21 DE LARGO X 1/8 DE ESPESOR PARA TAPA REDONDA CON ARO 70X10;ACEROS MAPA;33600;UND;;;
2026-09;VARILLA Y LÁMINAS;MP-010;LAMINA 10CM ANCHO X 2,21 DE LARGO X 1/8 DE ESPESOR PARA TAPA REDONDA CON ARO 70X10;LÁMINAS Y CORTES;35500;UND;;;
2026-09;VARILLA Y LÁMINAS;MP-010;LAMINA 10CM ANCHO X 2,21 DE LARGO X 1/8 DE ESPESOR PARA TAPA REDONDA CON ARO 70X10;COLDEACEROS;25528;UND;;;
2026-09;VARILLA Y LÁMINAS;1029;LAMINA 6MM DE ESPESOR X 12 CM X40 CM PARA PATA BANCA M31;ACEROS MAPA;13950;UND;;;
2026-09;VARILLA Y LÁMINAS;1029;LAMINA 6MM DE ESPESOR X 12 CM X40 CM PARA PATA BANCA M31;LÁMINAS Y CORTES;14800;UND;;;
2026-09;VARILLA Y LÁMINAS;1029;LAMINA 6MM DE ESPESOR X 12 CM X40 CM PARA PATA BANCA M31;COLDEACEROS;10808;UND;;;
2026-09;VARILLA Y LÁMINAS;MP-011;LAMINA 6MM DE ESPESOR DE 14 CM X 51 CM PARA LOSA BANCA M31;ACEROS MAPA;20719;UND;;;
2026-09;VARILLA Y LÁMINAS;MP-011;LAMINA 6MM DE ESPESOR DE 14 CM X 51 CM PARA LOSA BANCA M31;LÁMINAS Y CORTES;16500;UND;;;
2026-09;VARILLA Y LÁMINAS;MP-011;LAMINA 6MM DE ESPESOR DE 14 CM X 51 CM PARA LOSA BANCA M31;COLDEACEROS;15818;UND;;;
2026-09;VARILLA Y LÁMINAS;1048;MALLA ELECTROSOLDADA 4MM 15X15 2,35 X 6 MTS;COLDEACEROS;75240;UND;;;
2026-09;VARILLA Y LÁMINAS;2183;SOLDADURA 6013 1/8 CAL X KILO;FERRETERÍA LÍDER;18750;KG;;;
2026-09;VARILLA Y LÁMINAS;2183;SOLDADURA 6013 1/8 CAL X KILO;SU PROVEEDOR;20168;KG;;;
2026-09;VARILLA Y LÁMINAS;2183;SOLDADURA 6013 1/8 CAL X KILO;INDUSTRIAL DEL VALLE;20600;KG;;;
2026-09;VARILLA Y LÁMINAS;2245;PLACAS POSTES;GRABADOS INDUSTRIALES;5000;UND;;;
2026-09;VARILLA Y LÁMINAS;1024;TUBO CONDUIT DE 3/4;FERRETERÍA LÍDER;6200;UND;;;
2026-09;VARILLA Y LÁMINAS;1024;TUBO CONDUIT DE 3/4;SU PROVEEDOR;4538;UND;;;
2026-09;VARILLA Y LÁMINAS;1024;TUBO CONDUIT DE 3/4;INDUSTRIAL DEL VALLE;10135;UND;;;
2026-09;VARILLA Y LÁMINAS;1039;"TUBO DE CERRAMIENTO DE 1 1/4"" X3MM ESPESOR";TUBO LÁMINAS;63529;UND;;;
2026-09;PISOS (ÓXIDOS Y MARMOLINAS);1017;AMARILLO Y-4021 (Y 4024);PQUIM;7571;KG;;;Bulto 25 kg: $189.275
2026-09;PISOS (ÓXIDOS Y MARMOLINAS);1017;AMARILLO Y-4021 (Y 4024);TECSIL;10953;KG;;;Bulto 25 kg: $273.827
2026-09;PISOS (ÓXIDOS Y MARMOLINAS);1018;ROJO R-4530;PQUIM;7181;KG;;;Bulto 25 kg: $179.525
2026-09;PISOS (ÓXIDOS Y MARMOLINAS);1018;ROJO R-4530;TECSIL;9418;KG;;;Bulto 25 kg: $235.443
2026-09;PISOS (ÓXIDOS Y MARMOLINAS);1042;NEGRO NB-4970;PQUIM;9161;KG;;;Bulto 25 kg: $229.025
2026-09;PISOS (ÓXIDOS Y MARMOLINAS);1042;NEGRO NB-4970;TECSIL;9201;KG;;;Bulto 25 kg: $230.015
2026-09;PISOS (ÓXIDOS Y MARMOLINAS);1033;NEGRO NB-5970;PQUIM;327250;KG;;;Bulto 25 kg: $8.181.250
2026-09;PISOS (ÓXIDOS Y MARMOLINAS);2677;BLANCO TITANIO R-902;PQUIM;16671;KG;;;Bulto 25 kg: $416.775
2026-09;PISOS (ÓXIDOS Y MARMOLINAS);1019;VERDE G-105M;PQUIM;39320;KG;;;Bulto 25 kg: $983.000
2026-09;PISOS (ÓXIDOS Y MARMOLINAS);1019;VERDE G-105M;TECSIL;11466;KG;;;Bulto 25 kg: $286.648
2026-09;PISOS (ÓXIDOS Y MARMOLINAS);1040;MARRON OSCURO M-4781;PQUIM;10120;KG;;;Bulto 25 kg: $253.000
2026-09;PISOS (ÓXIDOS Y MARMOLINAS);1040;MARRON OSCURO M-4781;TECSIL;10541;KG;;;Bulto 25 kg: $263.527
2026-09;PISOS (ÓXIDOS Y MARMOLINAS);1041;MARRON CLARO M-4711;PQUIM;10120;KG;;;Bulto 25 kg: $253.000
2026-09;PISOS (ÓXIDOS Y MARMOLINAS);1053;NARANJA, TERRACOTA O LADRILLO R4370;PQUIM;11340;KG;;;Bulto 25 kg: $283.500
2026-09;PISOS (ÓXIDOS Y MARMOLINAS);1053;NARANJA, TERRACOTA O LADRILLO R4370;TECSIL;12647;KG;;;Bulto 25 kg: $316.168
2026-09;PISOS (ÓXIDOS Y MARMOLINAS);MP-012;AZUL ULTRAMAR U*676;PQUIM;21610;KG;;;Bulto 25 kg: $540.250
2026-09;PISOS (ÓXIDOS Y MARMOLINAS);MP-012;AZUL ULTRAMAR U*676;TECSIL;14435;KG;;;Bulto 25 kg: $360.875
2026-09;PISOS (ÓXIDOS Y MARMOLINAS);MP-013;AZUL COBALTO P110;PQUIM;196250;KG;;;Bulto 25 kg: $4.906.250
2026-09;PISOS (ÓXIDOS Y MARMOLINAS);MP-014;MARMOLINA 23 KILOS;GRANITO SÁNCHEZ;11000;BULTO 23 KG;;;
2026-09;PISOS (ÓXIDOS Y MARMOLINAS);MP-015;ARROCILLO 23 KILOS;GRANITO SÁNCHEZ;12000;BULTO 23 KG;;;
2026-09;AGREGADOS;1013;GRAVA 1/2;INGEOCC;61849;M3;16000;Flete por aparte;
2026-09;AGREGADOS;1013;GRAVA 1/2;PEREA;60504;M3;15000;Flete por aparte;
2026-09;AGREGADOS;1013;GRAVA 1/2;LA ROCA;62180;M3;14500;Flete por aparte;
2026-09;AGREGADOS;1013;GRAVA 1/2;EL CHOCHO;69244;M3;30000;Flete por aparte;
2026-09;AGREGADOS;1015;GRAVA 3/4;INGEOCC;60840;M3;16000;Flete por aparte;
2026-09;AGREGADOS;1015;GRAVA 3/4;PEREA;57983;M3;15000;Flete por aparte;
2026-09;AGREGADOS;1015;GRAVA 3/4;LA ROCA;57355;M3;14500;Flete por aparte;
2026-09;AGREGADOS;1015;GRAVA 3/4;EL CHOCHO;60252;M3;30000;Flete por aparte;
2026-09;AGREGADOS;1014;GRAVA 3/8;INGEOCC;67479;M3;16000;Flete por aparte;
2026-09;AGREGADOS;1014;GRAVA 3/8;PEREA;61765;M3;15000;Flete por aparte;
2026-09;AGREGADOS;1014;GRAVA 3/8;LA ROCA;57750;M3;14500;Flete por aparte;
2026-09;AGREGADOS;1014;GRAVA 3/8;EL CHOCHO;74034;M3;30000;Flete por aparte;
2026-09;AGREGADOS;1005;POLVILLO;INGEOCC;53529;M3;16000;Flete por aparte;
2026-09;AGREGADOS;1005;POLVILLO;PEREA;61765;M3;15000;Flete por aparte;
2026-09;AGREGADOS;1005;POLVILLO;LA ROCA;51870;M3;14500;Flete por aparte;
2026-09;AGREGADOS;1005;POLVILLO;EL CHOCHO;61513;M3;30000;Flete por aparte;
2026-09;AGREGADOS;1004;ARENA;RUBÉN (ARENA);280000;M3;190000;Flete por aparte;
2026-09;AGREGADOS;1004;ARENA;GUSTAVO (ARENA);280000;M3;180000;Flete por aparte;
